-6,212,62,133,79,181,-55,-195,-54,-46,6,-19,35,-184,-48,2,73,-213,254,503
-11,131,51,189,120,203,3,-105,12,29,22,8,58,-98,21,6,86,-165,447,514
-6,100,70,0,98,167,-16,-75,-18,-18,15,27,38,-69,-14,6,64,-152,383,490
-6,169,60,178,93,150,-43,-146,-42,-12,12,-1,51,-137,-19,6,64,-189,308,490
-13,126,81,96,97,170,-1,-107,6,6,14,-9,37,-101,-11,10,73,-149,318,503
-4,124,81,96,116,241,-41,-89,-45,-5,21,-1,27,-86,-10,8,100,-141,501,522
-6,90,98,145,98,237,-36,-64,-38,-76,15,7,28,-60,-74,1,58,-124,496,477
-4,182,48,44,147,326,-37,-35,-41,-84,29,-47,17,-135,-81,6,92,-151,823,518
-6,212,30,98,151,197,-39,-30,-41,-68,29,-22,31,-165,-66,-4,41,-203,766,371
-5,343,12,178,179,143,5,-74,5,36,31,-32,40,-289,37,5,41,-310,600,371
-4,347,7,561,218,305,65,-7,65,98,38,5,29,-284,93,10,73,-346,638,503
-5,269,13,354,167,182,10,10,11,67,31,-1,16,-216,62,10,45,-278,539,409
-4,202,15,0,161,202,18,26,28,60,32,26,15,-150,64,10,58,-244,581,477
-11,248,14,172,213,256,63,8,86,110,41,-12,42,-194,77,10,32,-249,657,217
-13,252,12,169,219,198,74,14,95,106,42,-19,37,-199,81,10,22,-253,681,117
-5,249,8,362,274,168,60,37,72,78,52,-7,54,-179,61,10,20,-263,946,103
-18,236,17,120,206,193,74,20,88,86,40,-22,35,-190,68,10,22,-234,679,117
-15,207,19,150,204,210,87,39,111,105,41,-7,34,-159,75,10,20,-220,661,103
-5,233,9,273,240,228,104,39,134,129,47,-16,76,-169,90,5,14,-246,736,78
-13,214,25,71,186,217,90,16,116,93,37,-37,32,-167,66,7,22,-197,602,117
-2,95,13,0,88,262,1,64,-1,-46,11,41,25,-62,-45,6,54,-200,350,463
-14,96,74,78,115,164,10,13,18,11,21,-8,20,-69,5,10,61,-123,449,484
-18,129,47,97,157,163,25,2,41,12,33,-1,26,-94,-10,8,40,-154,689,355
-21,96,53,519,101,108,4,21,8,4,16,14,20,-79,-8,9,30,-154,343,193
-3,132,24,0,132,330,-24,19,-29,13,26,28,12,-89,18,7,117,-187,578,527
-4,153,43,53,155,267,-36,-14,-41,-82,32,-31,15,-105,-81,4,71,-142,871,501
-7,178,33,166,120,93,9,6,7,9,21,-6,46,-141,-14,9,22,-195,434,117
-6,171,68,66,122,172,-28,-5,-30,-71,22,-23,15,-132,-69,-2,54,-163,631,463
-9,325,11,178,182,125,-3,-70,-3,18,32,-32,36,-274,18,7,61,-301,666,484
-12,323,9,224,209,156,59,-18,64,81,37,-25,38,-270,70,3,32,-310,631,217
-4,162,16,0,101,120,-9,55,-9,-33,15,11,20,-126,-33,-5,22,-217,392,117
-7,118,62,220,97,101,12,38,9,-14,14,6,35,-88,-14,9,30,-153,337,193
-20,126,75,53,136,112,7,-11,17,15,27,-21,20,-98,10,10,36,-135,555,292
-21,143,51,53,109,140,40,-17,45,46,18,-41,36,-123,41,9,32,-147,302,217
-7,115,106,59,102,103,1,-8,-2,-23,16,-18,13,-84,-21,8,40,-123,402,355
-16,240,23,83,160,260,63,-35,83,74,30,-42,34,-202,48,6,50,-222,507,446
-21,241,20,92,188,315,54,-7,67,119,36,-35,56,-201,82,9,14,-230,525,78
-22,219,27,89,158,200,18,3,20,84,30,-31,32,-187,59,10,22,-215,473,117
-6,113,44,0,99,174,27,60,28,-11,15,31,29,-82,-9,9,40,-173,357,355
-5,104,58,132,114,235,-28,-1,-31,-85,21,1,14,-67,-81,7,67,-132,645,495
-5,103,73,92,104,199,-12,-11,-14,-60,17,-7,15,-70,-57,8,61,-125,507,484
-6,157,66,51,115,163,-34,-42,-34,-74,20,-35,19,-119,-75,6,50,-144,593,446
-21,176,34,78,134,146,34,-16,53,53,25,-31,32,-148,23,9,22,-182,430,117
-27,143,56,50,149,94,33,24,53,49,30,-31,32,-119,20,10,10,-148,537,66
-16,141,30,78,106,230,43,14,66,72,17,-39,20,-117,41,9,30,-156,228,193
-7,112,44,98,121,150,-42,-51,-45,-95,23,-12,44,-75,-94,-10,10,-134,678,66
-5,133,38,125,129,138,-46,-65,-51,-57,25,-7,63,-93,-59,-10,36,-154,657,292
-5,154,46,77,115,131,-38,-84,-38,-27,20,-24,39,-115,-45,-4,64,-156,506,490
-5,178,54,92,102,146,8,-123,20,45,15,-21,50,-143,17,5,64,-178,257,490
-5,216,28,108,119,258,45,-75,64,93,20,-28,50,-175,57,5,50,-209,259,446
-4,254,18,118,160,160,8,-38,11,19,30,-31,36,-204,12,5,58,-237,621,477
-13,253,18,148,166,251,49,-38,59,65,31,-21,43,-208,52,7,50,-249,546,446
-6,242,21,143,151,220,16,-34,22,67,28,-19,55,-194,48,7,36,-236,472,292
-18,251,17,146,166,155,41,-37,46,73,31,-22,48,-211,61,6,32,-251,521,217
-7,267,20,140,176,178,32,-40,34,61,33,-19,65,-215,48,-9,10,-253,576,66
-4,139,25,0,111,197,11,3,10,52,19,62,29,-101,55,7,82,-223,336,512
-5,104,79,75,126,219,-31,3,-35,-63,25,-4,27,-65,-60,6,64,-121,683,490
-4,105,46,381,114,236,-28,8,-31,-62,21,12,16,-67,-59,10,94,-145,612,519
-11,135,49,97,177,272,41,21,53,57,38,5,40,-90,22,8,71,-154,719,501
-8,119,55,414,99,51,-7,-1,-9,-27,15,13,22,-90,-31,10,20,-161,379,103
-12,96,43,0,132,227,-10,20,-8,14,27,30,21,-62,-3,8,71,-155,574,501
-5,76,45,0,88,245,-9,27,-10,-60,11,53,10,-47,-59,6,73,-164,387,503
-5,140,41,181,117,243,-36,-6,-39,-87,21,1,26,-101,-85,5,64,-166,647,490
-4,209,21,183,162,205,-49,-23,-51,-62,32,-5,22,-158,-60,4,58,-219,825,477
-15,185,20,0,134,129,12,18,17,-14,25,36,34,-150,-14,8,58,-245,582,477
-8,60,136,0,83,149,0,27,-2,-52,9,30,24,-36,-52,9,32,-122,309,217
-8,156,98,39,118,175,-3,-41,-5,-42,21,-42,89,-120,-41,-10,32,-133,541,217
-6,239,40,43,146,108,-16,-64,-17,7,27,-69,60,-193,5,-2,36,-184,571,292
-5,298,16,157,158,201,51,-36,53,101,28,-28,39,-248,87,0,41,-276,407,371
-19,283,13,341,167,236,122,-13,137,133,30,0,42,-245,109,9,32,-299,380,217
-17,255,12,1024,154,246,120,3,134,134,28,15,37,-217,120,10,41,-291,341,371
-5,288,15,214,152,390,150,-23,165,189,27,-15,44,-239,158,8,41,-280,210,371
-16,241,15,248,182,407,54,13,64,100,35,-2,75,-197,78,9,42,-258,556,386
-6,153,33,394,131,107,23,29,21,3,25,14,35,-112,0,7,28,-188,533,171
-17,161,35,98,161,88,35,16,51,33,33,-10,35,-124,20,8,10,-177,632,66
-7,232,48,43,131,127,16,-58,15,73,23,-68,60,-190,57,-1,36,-179,355,292
-7,249,28,105,132,171,51,-40,53,100,23,-31,49,-205,76,2,32,-231,299,217
-24,223,19,497,155,254,120,17,134,143,29,15,91,-194,103,-2,10,-263,328,66
-15,212,17,160,173,321,112,32,141,158,34,-15,38,-170,106,3,36,-225,416,292
-15,120,25,0,97,137,32,52,33,6,14,31,31,-97,-1,7,54,-197,309,463
-7,123,92,68,102,127,-34,4,-36,-60,16,-16,26,-91,-58,-6,32,-132,472,217
-8,140,54,219,103,108,-9,-9,-10,-26,16,6,43,-108,-25,5,22,-171,399,117
-7,199,23,546,128,75,23,-19,23,10,23,11,54,-158,11,8,14,-230,470,78
-5,260,24,69,153,163,41,-42,45,65,28,-56,52,-210,55,6,50,-218,483,446
-6,301,13,521,150,185,111,-41,111,115,26,6,150,-252,115,0,30,-311,331,193
-6,267,22,123,158,97,11,-48,11,53,29,-26,88,-217,50,2,36,-248,521,292
-14,338,6,796,190,215,112,-41,115,127,33,3,66,-290,123,9,20,-353,449,103
-18,284,8,904,186,242,136,14,152,138,34,11,69,-241,114,-5,10,-315,443,66
-15,230,12,670,195,249,126,50,160,147,38,12,52,-183,110,9,22,-265,515,117
-14,222,14,202,250,235,76,44,103,119,49,2,38,-165,90,9,22,-238,802,117
-12,229,16,375,214,258,97,33,131,110,42,17,75,-176,78,-4,54,-254,689,463
-13,241,14,204,294,346,87,29,118,89,55,7,78,-178,58,5,45,-251,999,409
-10,231,15,130,199,287,81,10,105,91,39,-24,67,-178,62,4,72,-229,673,502
-17,271,13,180,237,363,107,-1,133,137,44,-11,79,-219,101,7,28,-271,664,171
-11,262,9,310,282,368,64,30,82,142,52,-1,65,-198,99,10,14,-276,815,78
-14,265,10,222,218,194,88,20,93,103,41,-14,57,-212,84,2,22,-271,666,117
-12,203,16,343,198,195,42,35,50,19,40,10,23,-154,21,7,28,-232,816,171
-8,115,85,217,96,128,-7,30,-8,-47,14,11,13,-86,-45,9,32,-151,404,217
-7,152,31,179,148,76,27,25,27,-14,30,2,69,-109,-14,7,20,-177,668,103
-8,121,68,74,102,55,-9,10,-10,-18,16,-18,44,-91,-28,-7,20,-134,382,103
-10,155,32,729,171,279,7,41,7,45,36,31,35,-109,24,8,82,-197,707,512
-6,150,49,110,115,179,-37,-20,-39,-80,20,-9,18,-112,-78,8,51,-164,605,451
-5,181,39,100,140,138,-24,-14,-27,-9,27,-13,16,-137,-14,10,72,-183,621,502
-6,165,42,159,132,34,-27,1,-30,-7,25,3,21,-123,-5,1,50,-184,564,446
-7,149,62,74,118,45,-27,-5,-29,7,21,-18,21,-113,-6,-7,28,-153,441,171
-13,191,44,62,131,194,23,-16,33,50,24,-38,27,-156,45,10,58,-177,433,477
-16,181,33,120,160,173,57,15,74,52,32,-6,38,-141,33,10,36,-195,586,292
-6,130,43,172,102,173,2,9,1,-55,16,-4,14,-98,-54,9,41,-159,467,371
-9,116,91,79,97,81,-23,-7,-25,-26,14,-12,25,-88,-34,6,14,-133,353,78
-5,130,26,217,125,89,-40,3,-46,-22,24,-8,44,-91,-28,0,10,-161,553,66
-13,148,41,72,134,135,19,-10,22,31,26,-24,45,-114,20,10,36,-156,502,292
-11,161,32,122,164,258,67,6,92,96,34,-3,29,-117,56,10,60,-178,552,482
-14,128,48,94,114,168,-11,-6,-7,-30,20,-14,26,-98,-39,8,42,-150,501,386
-7,121,171,46,116,122,-35,-6,-37,-57,21,-19,38,-86,-56,-6,57,-118,583,472
-6,215,40,52,116,141,29,-49,38,32,19,-59,49,-176,15,-2,41,-179,356,371
-6,227,28,110,134,230,35,-13,45,51,24,-25,26,-183,33,4,45,-217,424,409
-21,212,29,97,178,224,78,10,97,67,35,-19,34,-174,49,4,28,-213,615,171
-23,196,29,74,204,230,72,23,107,120,41,-25,54,-156,72,3,10,-194,626,66
-10,187,18,117,234,163,42,31,66,61,48,-13,30,-131,29,10,10,-195,891,66
-22,105,46,75,107,56,0,33,17,17,18,-25,27,-87,-18,4,14,-133,351,78
-11,127,30,103,149,173,41,15,45,58,31,-15,25,-89,55,10,36,-150,553,292
-5,169,40,52,135,142,-36,-48,-39,-20,26,-43,53,-126,-38,1,40,-151,606,355
-4,57,61,0,94,246,5,41,2,-27,14,38,44,-26,-25,5,82,-130,389,512
-5,111,64,114,109,186,-48,-71,-53,-47,19,-2,44,-75,-62,9,85,-135,536,514
-6,105,93,78,104,225,-47,-69,-49,-107,17,-8,28,-72,-105,8,63,-123,603,489
-26,92,185,67,107,86,40,-63,43,16,18,-5,77,-78,19,10,36,-123,364,292
-7,142,65,95,114,51,-48,-102,-50,-10,20,-8,36,-105,-20,-10,41,-155,461,371
-5,147,38,273,127,174,-54,-64,-57,-49,24,10,26,-105,-46,7,60,-177,632,482
-4,116,31,455,137,153,-45,-48,-49,-39,28,10,26,-73,-43,10,60,-156,696,482
-5,130,44,134,159,253,-40,-22,-46,-93,34,8,43,-83,-86,7,58,-153,929,477
-6,190,26,435,127,105,-10,-57,-10,4,23,11,31,-148,-6,10,40,-219,495,355
-6,138,70,96,114,158,-34,-34,-36,-69,20,-6,17,-101,-68,2,45,-152,580,409
-7,199,40,88,128,91,-35,-58,-35,-40,23,-24,41,-158,-40,-1,28,-192,577,171
-4,232,19,126,127,84,15,-59,16,10,22,-32,57,-188,9,-3,58,-224,471,477
-5,236,26,120,162,88,-41,-64,-44,-14,31,-17,26,-186,-12,-2,50,-226,704,446
-7,312,14,158,179,130,-3,-69,-4,1,32,-30,33,-259,2,8,58,-286,699,477
-5,314,10,463,165,67,-19,-74,-19,7,29,-1,57,-262,7,6,36,-318,613,292
-12,308,12,296,165,50,-11,-79,-11,0,29,-10,65,-263,0,9,22,-308,620,117
-6,321,12,447,171,163,18,-71,18,64,30,5,54,-269,62,4,36,-323,520,292
-6,362,11,309,163,252,152,-81,158,185,27,-15,65,-311,174,7,30,-343,212,193
-9,271,11,0,187,334,64,-29,72,102,35,38,52,-219,84,10,78,-311,570,508
-4,217,18,2619,136,250,24,-20,23,30,25,21,26,-171,32,10,85,-251,508,514
-4,142,33,183,123,232,-34,-8,-37,-95,23,-3,26,-101,-93,4,64,-168,705,490
-4,124,40,156,105,289,-21,-2,-22,-43,17,-8,22,-89,-41,10,98,-150,492,521
-4,129,45,152,131,354,-29,-1,-36,66,26,4,13,-86,32,8,114,-153,471,526
-5,90,67,285,106,257,-8,8,-10,-64,18,13,23,-55,-60,9,86,-131,549,514
-3,130,27,190,125,276,-15,-4,-18,-18,24,-10,25,-89,-17,9,98,-158,589,521
-6,69,84,1380,92,247,-30,9,-33,-99,13,19,14,-40,-97,8,58,-121,500,477
-13,116,85,46,134,294,21,-8,32,70,27,-22,37,-83,39,8,63,-119,459,489
-8,92,93,192,86,119,-25,-1,-25,-43,10,6,11,-67,-44,-1,20,-132,306,103
-14,287,23,74,137,231,116,-69,135,115,23,-66,68,-249,92,8,32,-241,269,217
-12,258,11,500,249,386,115,14,127,151,47,19,132,-199,109,8,36,-282,703,292
-4,161,34,135,148,260,-28,-5,-31,-43,30,-2,19,-114,-39,7,78,-176,755,508
-5,143,46,176,120,209,-28,2,-31,-35,22,4,25,-104,-44,10,54,-168,559,463
-5,171,39,93,129,204,3,-17,0,17,24,-18,37,-129,12,9,54,-174,497,463
-14,128,73,64,160,181,18,5,26,-6,34,-6,50,-90,-9,7,71,-139,761,501
-5,182,28,414,140,175,10,0,8,4,27,15,28,-137,9,10,70,-211,594,500
-12,130,23,0,126,321,22,36,25,38,24,47,23,-96,34,8,71,-209,463,501
-13,100,37,0,121,321,20,26,23,-17,23,49,22,-69,-15,9,91,-179,562,517
-6,188,37,231,114,61,25,-40,25,1,19,3,53,-150,0,-7,41,-209,418,371
-6,262,19,158,162,177,-4,-43,-3,7,30,-17,37,-211,6,5,28,-253,630,171
-5,216,25,124,155,200,-32,-15,-34,-58,30,-16,60,-167,-56,6,50,-213,771,446
-5,170,40,196,132,327,-32,2,-35,-99,25,7,21,-127,-96,8,76,-191,761,507
-5,133,44,273,113,273,-29,4,-32,-82,20,9,11,-97,-79,6,67,-167,618,495
-18,361,13,115,191,185,22,-110,25,62,32,-63,58,-316,55,-9,32,-307,564,217
-4,374,7,358,185,159,73,-75,74,103,31,-17,72,-317,100,-10,51,-355,470,451
-20,397,6,810,211,225,114,-73,119,129,34,7,82,-353,120,10,10,-404,461,66
-5,268,11,0,162,224,7,13,7,75,30,27,23,-216,71,9,50,-302,505,446
-5,180,40,91,147,187,-36,0,-40,-29,29,-14,14,-134,-26,7,63,-179,699,489
-6,195,40,80,124,144,33,-25,37,55,22,-29,50,-154,38,9,36,-185,370,292
-6,202,26,0,139,269,72,18,69,117,26,32,95,-157,98,10,50,-242,337,446
-5,158,36,94,121,118,-35,-4,-37,-20,22,-21,17,-118,-19,-7,54,-165,529,463
-5,156,46,87,131,173,-18,-8,-21,-26,25,-14,15,-113,-23,8,64,-161,609,490
-5,113,59,197,118,253,-15,13,-17,-67,22,11,17,-75,-68,8,86,-146,639,514
-5,101,77,98,109,283,-23,4,-26,-55,19,-2,19,-65,-53,9,81,-124,549,511
-4,103,58,174,112,268,-25,4,-28,-63,20,6,10,-67,-60,7,92,-136,592,518
-5,72,86,0,102,259,-21,20,-25,-53,17,27,11,-40,-56,7,72,-125,499,502
-7,258,25,89,145,157,47,-69,58,71,26,-41,75,-211,50,-10,14,-230,411,78
-5,126,30,0,97,189,10,34,9,-26,14,59,47,-94,-30,9,50,-212,371,446
-11,95,98,376,145,361,-15,28,-14,-32,31,36,24,-57,-46,8,108,-142,769,524
-5,273,22,87,172,209,14,-61,17,46,32,-43,62,-220,39,4,41,-237,601,371
-6,197,21,0,128,186,24,9,25,61,23,47,113,-156,49,7,28,-257,375,171
-5,213,22,122,155,211,-43,-23,-45,-72,30,-20,42,-164,-69,0,45,-211,796,409
-4,234,13,7188,150,136,-10,-12,-11,-1,28,19,37,-185,1,10,45,-268,612,409
-8,212,23,804,129,149,16,-8,15,57,23,18,41,-172,57,1,10,-245,374,66
-6,243,25,108,143,218,40,-20,38,127,26,-29,31,-197,107,9,36,-227,310,292
-17,250,19,171,149,253,104,-13,121,102,27,-16,89,-213,85,6,36,-255,381,292
-6,132,54,0,113,163,-10,43,-13,-16,20,37,17,-97,-23,0,50,-185,477,446
-5,132,62,73,138,128,-34,1,-40,-55,28,-9,21,-90,-50,-8,78,-140,737,508
-4,168,31,83,153,213,47,-7,48,11,31,-22,28,-120,15,2,82,-168,670,512
-3,186,28,123,171,128,-41,-9,-45,-38,35,-7,14,-133,-40,-7,99,-191,860,521
-6,137,50,170,114,117,-38,7,-40,-93,20,3,20,-99,-92,10,51,-163,631,451
-16,284,16,165,149,143,55,-64,61,71,26,-26,104,-245,55,-7,14,-276,411,78
-15,307,9,237,267,266,133,-13,165,164,47,-9,117,-249,126,9,22,-303,670,117
-11,287,8,426,234,216,124,2,152,162,43,1,53,-229,122,-7,14,-300,586,78
-18,272,12,273,194,225,121,5,144,157,36,-4,85,-228,138,4,22,-285,453,117
-15,264,13,222,182,313,115,2,131,139,34,-12,49,-219,123,10,36,-271,454,292
-16,240,25,146,156,247,109,3,129,128,29,-13,30,-202,108,8,45,-242,375,409
-7,174,39,372,119,121,36,24,32,33,21,15,30,-137,26,10,36,-205,393,292
-8,145,98,58,117,136,-6,13,-8,-42,21,-20,31,-109,-40,9,28,-142,539,171
-5,109,92,104,112,234,38,22,35,-1,20,3,27,-74,1,8,72,-132,458,502
-4,201,39,42,178,231,-44,-33,-47,-72,36,-53,19,-146,-69,3,92,-159,946,518
-4,228,17,204,161,221,17,-17,16,-28,31,-10,24,-176,-26,9,72,-234,743,502
-10,210,18,282,172,194,17,2,22,18,34,5,22,-163,10,10,51,-232,703,451
-13,156,38,120,145,235,-6,8,-1,29,29,-4,28,-118,0,7,45,-176,573,409
-11,197,30,89,150,271,31,0,40,74,29,-25,72,-155,45,8,61,-194,491,484
-3,294,10,202,211,171,-36,-39,-38,-3,39,-22,32,-232,-1,5,71,-281,860,501
-12,316,12,156,176,160,30,-38,30,42,31,-38,66,-269,39,5,28,-292,581,171
-14,329,10,213,217,157,61,-23,62,59,38,-23,63,-277,56,9,30,-313,695,193
-5,286,11,393,170,127,37,2,37,16,31,0,32,-233,16,9,32,-293,635,217
-5,281,15,144,164,127,35,-9,35,51,30,-29,45,-229,42,8,32,-262,544,217
-5,283,15,150,204,141,72,-19,72,71,38,-21,68,-224,64,10,32,-265,672,217
-6,205,25,204,122,83,48,7,47,26,21,-7,45,-165,25,2,22,-220,400,117
-16,215,25,62,141,146,55,-23,60,10,26,-56,56,-180,9,8,36,-194,544,292
-5,191,41,201,156,247,-24,12,-28,-7,31,14,9,-143,-4,8,82,-207,706,512
-5,122,69,96,113,295,-6,18,-9,-39,20,-5,21,-86,-37,10,81,-140,538,511
-18,149,48,49,160,157,60,-4,93,64,33,-32,73,-114,44,9,22,-145,576,117
-6,156,45,68,106,174,38,-10,51,69,17,-33,74,-121,43,10,32,-154,235,217
-5,125,47,98,125,111,-38,-11,-42,-35,24,-9,26,-86,-43,-4,67,-142,608,495
-15,197,23,72,238,229,57,11,80,58,48,-26,57,-143,26,8,36,-188,910,292
-9,166,21,178,153,290,52,21,75,72,31,-10,41,-123,41,9,76,-189,545,507
-10,150,37,75,131,272,31,7,54,67,25,-26,28,-112,26,8,67,-156,425,495
-15,93,56,119,98,188,-29,9,-27,-72,15,-8,13,-71,-89,6,32,-130,475,217
-8,136,66,96,103,88,-33,-13,-32,-44,16,-11,64,-104,-60,-5,14,-152,431,78
-7,142,78,68,95,162,52,9,84,69,13,-24,60,-111,25,8,30,-146,150,193
-26,139,93,31,104,170,70,0,92,71,16,-63,68,-126,46,7,22,-123,205,117
-7,157,72,34,90,149,68,-18,116,83,11,-66,48,-127,37,3,30,-126,80,193
-34,89,137,55,124,87,20,37,69,27,24,-10,51,-79,-14,-1,0,-121,450,49
-20,132,60,45,158,205,-6,-8,6,-60,33,-29,59,-99,-69,5,42,-132,834,386
-8,139,33,64,185,215,-1,8,10,-24,40,-22,41,-90,-40,9,81,-141,928,511
-3,92,30,0,100,234,-22,9,-25,-70,16,7,21,-58,-67,9,86,-146,519,514
-6,160,46,218,128,161,-41,-93,-42,-34,24,11,63,-120,-45,10,41,-186,593,371
-6,189,84,25,70,97,29,-157,38,43,2,-101,93,-165,19,-6,45,-128,-22,409
-11,129,46,239,135,227,6,-68,24,59,27,15,53,-94,13,10,70,-167,484,500
-19,124,63,62,149,242,76,-10,116,102,31,-13,63,-92,46,9,28,-139,461,171
-18,123,38,88,139,249,87,-4,116,109,28,-15,64,-94,75,10,30,-148,385,193
-4,190,43,43,164,262,-43,-38,-48,27,33,-49,31,-140,14,-4,85,-155,682,514
-7,241,24,391,143,140,52,-68,72,58,26,13,71,-197,37,1,20,-260,440,103
-5,165,23,457,142,157,6,-29,23,29,28,9,32,-120,27,10,41,-198,551,371
-17,190,31,69,201,253,56,-19,78,116,41,-25,59,-145,80,9,42,-184,650,386
-7,153,50,156,115,167,62,-26,69,113,20,1,67,-117,74,9,22,-176,205,117
-9,138,91,65,97,158,-1,-21,1,74,14,-22,43,-108,48,-10,14,-142,153,78
-7,196,49,55,111,113,69,-41,83,73,18,-48,61,-159,49,-5,32,-171,248,217
-6,180,33,199,113,200,37,-33,37,95,19,-3,20,-143,71,10,36,-200,227,292
-15,128,41,304,108,219,25,-16,24,27,18,7,29,-102,28,9,71,-172,359,501
-7,110,67,115,115,53,-25,-5,-28,-11,21,1,33,-75,-9,-3,28,-136,477,171
-7,148,58,56,100,147,42,-13,45,91,15,-37,52,-115,62,-8,32,-142,149,217
-24,150,54,61,132,138,54,-20,65,88,25,-28,90,-126,61,-3,22,-158,360,117
-20,113,128,43,125,231,-1,1,-2,-63,24,-23,30,-89,-62,4,60,-119,660,482
-5,108,33,511,91,138,-4,-8,-5,-58,12,-4,27,-78,-55,10,32,-150,384,217
-7,183,39,136,126,110,-3,-31,-5,44,23,-6,28,-143,26,10,30,-194,410,193
-19,206,29,125,144,179,47,-31,48,111,27,-15,77,-174,87,10,28,-217,359,171
-13,247,19,205,161,297,112,-26,140,175,30,-6,51,-204,132,10,36,-256,298,292
-14,242,18,266,152,298,118,-22,144,164,28,-1,49,-202,119,9,36,-258,278,292
-20,247,18,181,166,258,130,-26,160,164,31,-11,58,-209,125,9,28,-257,337,171
-5,253,19,215,156,257,51,-27,61,100,29,-6,22,-204,84,9,57,-255,437,472
-5,154,46,89,121,208,18,-14,16,54,22,-16,24,-114,44,8,71,-160,389,501
-6,122,58,223,102,98,9,0,7,-26,16,7,48,-89,-25,10,41,-156,409,371
-4,107,33,0,112,276,13,27,11,48,20,59,29,-71,53,10,72,-191,360,502
-10,174,29,180,136,174,12,-9,11,0,26,-2,23,-136,-7,10,81,-196,586,511
-6,216,48,40,126,154,2,-55,2,12,22,-68,49,-174,9,6,45,-168,460,409
-7,233,22,478,158,110,54,-28,59,47,30,19,37,-186,35,3,14,-257,543,78
-24,158,33,1383,123,131,27,-6,25,22,22,24,50,-137,22,-7,10,-215,423,66
-11,258,14,289,210,261,76,-22,95,118,40,5,29,-203,89,10,42,-270,625,386
-17,255,14,187,210,261,96,-14,115,149,40,-9,71,-206,110,9,30,-261,557,193
-12,248,12,375,208,342,73,12,95,149,40,6,59,-196,105,9,61,-268,572,484
-6,139,46,0,105,156,15,31,14,12,17,33,44,-105,6,10,41,-193,354,371
-3,143,35,73,150,395,-34,-8,-38,-102,31,-23,23,-95,-99,4,108,-146,909,525
-5,188,37,59,208,305,-39,-18,-45,-98,43,-24,67,-131,-93,-1,54,-168,1126,463
-4,282,11,381,198,174,-38,-20,-40,33,37,4,21,-223,31,8,61,-289,741,484
-4,209,23,359,143,249,-30,0,-32,54,27,10,17,-161,56,9,85,-231,502,514
-4,142,42,3255,133,199,-23,17,-28,-24,26,30,25,-99,-24,9,91,-185,639,517
-5,142,49,112,129,180,-21,-3,-25,-56,25,-3,30,-99,-51,8,70,-158,672,500
-7,171,44,101,119,112,-15,-24,-17,-39,21,-15,53,-134,-39,8,20,-177,529,103
-12,379,13,109,147,215,115,-117,124,130,23,-79,104,-337,117,-5,41,-311,244,371
-12,372,6,1222,203,293,103,-12,106,113,34,14,78,-320,106,7,45,-385,510,409
-15,395,7,360,191,357,175,-42,186,225,31,-22,70,-347,197,9,20,-375,211,103
-8,338,6,926,229,381,138,4,149,177,40,11,97,-278,148,10,63,-351,518,489
-4,258,13,0,174,335,43,11,46,120,33,37,25,-204,91,9,67,-295,487,495
-4,224,17,156,148,196,-3,-11,-5,34,28,-22,27,-175,29,9,63,-225,552,489
-17,237,20,133,173,119,71,-18,73,60,33,-19,77,-196,45,3,30,-238,588,193
-17,267,13,222,198,227,125,-3,153,143,37,-9,75,-221,110,3,10,-275,496,66
-17,273,15,167,184,267,132,-3,159,152,34,-20,102,-229,122,7,28,-269,424,171
-14,260,17,121,211,280,112,3,135,126,40,-24,78,-208,102,9,14,-248,595,78
-6,222,17,1279,144,191,40,2,44,63,27,18,43,-176,59,9,22,-255,452,117
-6,136,50,1306,102,160,18,28,17,47,16,21,17,-103,48,10,45,-180,264,409
-7,158,59,62,104,189,48,-13,64,57,16,-33,47,-126,36,7,22,-153,233,117
-9,192,42,190,108,156,82,-15,99,112,17,-1,66,-158,80,0,10,-210,138,66
-7,192,34,112,121,102,41,5,39,74,21,-19,72,-153,63,7,14,-195,300,78
-6,234,39,46,142,189,65,-50,70,88,26,-66,66,-189,61,-3,45,-184,392,409
-8,218,39,108,133,218,73,-33,77,82,24,-17,86,-177,65,-6,22,-213,351,117
-20,185,26,271,135,199,56,3,62,88,25,5,61,-155,87,9,20,-220,359,103
-6,220,43,65,144,100,-6,-41,-7,8,27,-37,27,-174,7,-8,50,-193,576,446
-5,269,19,115,150,109,27,-34,29,60,27,-36,63,-220,57,2,41,-246,468,371
-5,226,16,756,141,167,35,2,34,40,26,12,33,-180,42,10,50,-254,491,446
-6,164,39,173,125,157,31,10,36,7,23,1,16,-124,9,9,50,-185,494,446
-20,128,60,102,130,138,10,8,12,-17,25,-2,30,-101,-18,10,32,-157,575,217
-14,141,42,123,170,128,32,18,41,17,36,7,29,-100,-4,9,36,-167,740,292
-5,164,38,68,122,161,1,-24,1,-22,22,-34,33,-124,-25,8,50,-159,531,446
-6,181,32,85,110,111,-16,-27,-17,-30,18,-34,46,-145,-37,0,20,-178,448,103
-18,274,20,114,161,120,57,-27,65,83,29,-35,70,-236,64,-10,28,-257,457,171
-4,209,18,215,136,74,-13,-8,-14,14,25,-13,24,-164,15,4,41,-222,518,371
-5,236,27,93,158,163,-35,-38,-39,-36,30,-29,27,-187,-35,4,60,-217,732,482
-4,219,23,203,140,190,7,-11,7,-60,26,-5,29,-173,-58,9,67,-229,700,495
-6,219,25,111,137,67,-8,-3,-11,-20,25,-26,56,-175,-28,10,20,-213,575,103
-17,216,29,89,141,100,69,-14,81,67,26,-32,49,-182,49,-10,10,-210,417,66
-7,180,52,58,110,157,57,-2,55,53,18,-41,85,-145,44,10,32,-164,288,217
-4,63,70,0,92,238,15,57,12,10,13,35,50,-33,14,7,90,-131,298,517
-4,177,55,32,214,369,-41,-40,-46,-118,45,-45,27,-116,-113,1,117,-133,1240,527
-12,189,27,103,149,221,-6,-19,-6,-28,29,-21,38,-148,-42,9,58,-194,694,477
-7,140,61,138,100,64,-11,10,-11,-29,15,-3,11,-108,-29,-10,30,-163,388,193
-7,208,59,33,109,41,28,-49,37,7,17,-81,78,-172,3,-10,32,-152,359,217
-7,237,29,83,114,73,10,-42,10,4,18,-45,61,-200,-4,-7,20,-214,380,103
-7,109,75,4682,91,189,10,44,11,47,12,23,39,-81,20,10,45,-159,180,409
-5,136,38,77,100,118,34,-2,73,81,15,-33,97,-102,24,8,30,-144,168,193
-13,114,42,140,119,170,19,1,25,30,22,-4,22,-84,-3,10,36,-148,420,292
-19,151,46,38,112,204,-22,-59,-22,-54,19,-62,46,-127,-66,4,32,-136,523,217
-11,161,29,73,203,268,18,6,22,-49,43,-18,49,-111,-45,9,78,-163,1040,508
-7,110,91,57,99,207,-20,-3,-22,-71,15,-22,53,-80,-79,8,42,-118,478,386
-18,150,45,42,168,142,23,-6,55,70,35,-41,54,-113,32,2,41,-139,616,371
-4,118,41,136,184,252,-48,-50,-51,-97,41,13,32,-65,-94,10,81,-143,1095,511
-5,122,53,63,144,181,-50,-70,-58,-41,30,-16,33,-78,-54,4,61,-128,742,484
-7,105,87,103,99,92,-18,-75,-20,-4,15,-3,46,-76,-19,1,30,-131,338,193
-7,213,221,223,66,108,-45,-190,-43,-39,0,-2,99,-191,-48,3,60,-228,108,482
-6,233,27,206,124,145,-42,-93,-43,-47,21,-5,78,-192,-50,1,41,-240,556,371
-5,130,61,113,119,155,-13,-21,-16,-36,22,-1,26,-92,-33,10,78,-150,573,508
-4,122,49,368,107,266,-7,-10,-1,33,18,12,48,-86,15,9,100,-159,362,522
-6,91,96,414,98,205,-42,-6,-44,-81,15,20,33,-61,-77,-1,50,-136,502,446
-6,106,75,221,106,114,-35,-10,-36,-58,18,13,42,-73,-57,4,45,-143,516,409
-5,113,80,76,118,189,-33,-10,-35,-34,22,-7,14,-75,-36,9,72,-127,566,502
-5,132,44,105,108,141,20,-24,18,10,18,-15,24,-96,13,8,63,-149,390,489
-5,93,46,414,96,194,5,3,4,-60,14,4,65,-61,-60,10,58,-136,443,477
-5,133,44,790,116,273,-34,-6,-38,-98,21,20,17,-95,-95,8,76,-174,675,507
-8,123,78,110,94,75,-35,-20,-37,-49,13,-6,32,-95,-55,10,14,-146,378,78
-5,120,53,98,128,206,-4,-9,-8,-20,25,-5,23,-80,-15,8,72,-139,601,502
-6,122,39,148,137,176,-33,-7,-38,-50,28,1,48,-81,-62,10,20,-150,698,103
-4,270,19,93,176,184,-43,-55,-46,10,33,-41,26,-215,3,6,80,-237,713,510
-7,257,20,173,133,120,3,-55,4,11,23,-18,81,-213,8,-1,22,-253,472,117
-5,207,29,269,143,191,-15,-24,-16,-14,27,10,22,-160,-13,10,81,-225,635,511
-14,304,28,51,156,225,56,-76,59,66,27,-90,61,-264,56,1,41,-230,456,371
-21,348,9,448,206,207,113,-67,124,135,35,1,117,-305,119,-10,20,-355,475,103
-12,322,6,763,232,239,121,-40,139,154,41,8,87,-265,126,-10,20,-338,563,103
-4,292,9,387,222,253,111,-37,136,119,41,1,51,-229,119,9,28,-297,637,171
-18,175,24,167,176,119,40,-17,69,49,36,0,52,-135,50,4,14,-201,665,78
-18,233,18,146,164,218,131,-20,164,156,31,-20,70,-196,132,0,14,-240,346,78
-18,243,15,160,169,236,145,-16,186,165,32,-21,84,-203,130,9,22,-249,353,117
-11,220,14,683,157,252,126,-2,142,114,30,10,73,-177,86,9,28,-253,416,171
-9,99,94,728,89,113,-7,15,-8,-41,11,20,21,-73,-40,-2,14,-148,320,78
-5,164,34,741,118,233,32,-12,30,38,21,18,23,-125,42,10,72,-201,401,502
-5,119,81,81,107,166,-18,-4,-11,-2,18,-9,20,-84,-10,9,81,-133,422,511
-6,141,59,126,114,173,-2,-9,1,25,20,-1,21,-103,8,7,57,-160,398,472
-8,171,62,51,104,107,26,-30,29,53,16,-44,61,-139,41,3,10,-154,235,66
-6,145,52,161,114,71,8,-9,7,-19,20,3,15,-107,-20,10,57,-168,486,472
-4,140,52,148,123,221,6,-5,4,-26,23,4,25,-99,-24,8,92,-162,581,518
-5,177,74,39,139,263,-35,-31,-37,-111,27,-45,25,-133,-107,0,72,-144,825,502
-9,224,22,172,244,351,-11,-4,-9,35,48,10,30,-164,37,9,117,-231,996,527
-5,236,14,556,142,156,-19,-27,-20,19,26,3,15,-190,19,5,32,-259,524,217
-14,364,5,880,238,261,141,-17,159,124,40,11,91,-308,108,4,45,-375,614,409
-15,397,6,375,256,314,177,-45,198,182,41,-17,62,-340,164,9,41,-378,518,371
-16,352,8,283,188,295,184,-37,204,202,32,-25,78,-305,174,9,10,-339,273,66
-15,343,7,315,192,281,160,-29,179,210,33,-21,80,-296,176,10,28,-337,287,171
-3,191,9,0,105,154,37,47,35,27,16,52,43,-153,27,7,41,-280,303,371
-6,244,23,185,139,194,47,-25,48,55,25,-9,54,-199,46,8,45,-245,437,409
-6,282,16,153,165,131,61,-34,61,74,30,-26,64,-231,69,7,20,-266,492,103
-6,260,16,554,137,158,43,-9,43,64,24,9,49,-215,61,9,22,-280,387,117
-5,188,24,0,117,184,5,19,6,26,20,25,39,-148,26,10,50,-232,393,446
-11,205,32,99,167,364,65,-1,74,86,33,-15,47,-160,63,8,73,-203,557,503
-5,155,33,7550,118,216,6,14,6,21,21,23,26,-117,21,8,50,-199,424,446
-5,136,59,69,129,223,-16,6,-20,35,25,-16,27,-96,5,8,63,-141,487,489
-6,134,67,64,116,230,-36,-10,-40,-56,21,-20,27,-97,-52,3,54,-137,580,463
-7,257,31,82,129,99,0,-62,2,21,22,-45,98,-215,10,4,20,-226,430,103
-5,224,16,0,133,191,9,6,8,6,24,41,24,-180,7,9,50,-276,517,446
-6,268,23,164,146,168,69,-26,81,88,26,-15,85,-220,64,6,45,-258,392,409
-13,225,26,147,142,293,112,5,130,132,26,-13,37,-187,100,10,61,-231,312,484
-14,212,22,205,182,367,101,22,129,110,36,5,66,-167,81,9,67,-231,570,495
-7,127,41,383,92,77,-2,22,-2,-20,12,3,29,-99,-19,-1,10,-167,297,66
-6,156,59,79,109,106,-2,-22,1,19,18,-20,32,-121,-3,3,40,-159,360,355
-7,198,40,85,112,175,53,-29,61,83,18,-30,48,-161,68,10,32,-190,228,217
-12,162,48,466,161,317,61,28,82,96,33,33,37,-120,51,9,80,-202,541,510
-12,139,52,91,123,189,14,27,15,68,23,-11,67,-106,28,9,61,-156,377,484
-5,79,48,0,88,184,-25,19,-26,-60,11,29,14,-50,-59,2,54,-147,378,463
-7,133,56,72,111,72,-42,-24,-45,-4,19,-21,58,-97,-23,-4,28,-141,421,171
-8,156,71,135,112,103,-6,-18,-8,-6,19,2,36,-121,-10,10,32,-175,427,217
-5,145,47,134,126,199,-8,1,-11,-45,24,0,17,-103,-42,5,73,-164,630,503
-5,247,22,112,147,140,3,-44,1,15,27,-30,31,-199,11,10,58,-231,566,477
-5,186,55,92,152,286,-42,7,-46,-108,30,-7,32,-140,-104,-1,82,-184,887,512
-5,295,16,157,166,179,27,-43,27,17,30,-25,39,-242,17,10,61,-274,626,484
-5,316,15,146,170,208,64,-35,65,66,30,-34,40,-263,59,10,57,-285,526,472
-7,296,10,183,368,375,95,11,121,99,62,-1,58,-218,73,9,72,-282,1140,502
-6,204,25,173,118,159,-29,2,-29,25,20,-13,16,-165,23,-10,20,-215,380,103
-15,419,4,1062,264,181,77,-45,78,119,41,9,99,-362,112,-4,22,-422,634,117
-10,403,4,631,236,335,142,-12,153,157,38,-7,59,-345,143,9,58,-395,513,477
-16,393,7,271,203,290,67,-29,69,180,33,-31,61,-346,161,1,10,-365,338,66
-9,379,5,677,235,157,35,-3,38,101,39,-4,82,-319,99,0,10,-378,622,66
-16,387,5,363,321,275,123,-7,131,149,50,-15,75,-322,134,4,10,-371,757,66
-11,344,6,456,220,313,147,12,165,150,38,-6,100,-289,125,9,20,-345,508,103
-14,282,13,166,200,164,80,29,93,101,37,-23,67,-233,76,7,20,-274,585,103
-15,209,23,339,144,161,21,18,24,36,27,9,19,-172,35,10,45,-239,517,409
-6,171,42,275,125,156,27,19,30,26,23,13,21,-131,22,10,58,-198,460,477
-6,169,44,75,101,93,47,-11,73,72,15,-33,38,-136,63,-3,30,-167,186,193
-10,192,26,177,173,285,52,14,55,87,35,3,42,-144,60,9,71,-209,596,501
-6,100,72,162,98,233,8,22,6,-41,15,4,11,-69,-39,10,51,-133,422,451
-13,127,43,97,123,180,23,1,55,38,23,-13,21,-95,18,10,45,-150,429,409
-5,159,43,73,121,260,45,0,56,86,22,-26,48,-120,54,7,50,-159,315,446
-6,137,42,212,108,166,-18,7,-17,-29,18,2,15,-101,-42,5,42,-167,457,386
-6,134,52,144,111,182,-32,7,-35,-16,19,-1,19,-97,-26,8,54,-158,458,463
-8,75,144,913,77,166,6,33,5,-10,6,19,28,-53,-10,9,30,-127,161,193
-5,88,60,215,95,223,-20,-9,-21,-60,14,3,26,-57,-58,8,61,-127,444,484
-12,145,42,55,130,161,28,-19,67,37,25,-36,39,-109,14,7,50,-143,476,446
-6,140,54,73,108,206,1,9,-3,31,18,-23,56,-105,13,8,41,-146,337,371
-5,108,20,4867,183,295,-21,14,-22,-86,41,9,19,-58,-79,9,67,-157,1067,495
-5,151,38,67,166,145,-56,-96,-64,-53,35,-20,38,-101,-69,-9,50,-150,866,446
-5,138,29,577,129,196,-54,-65,-57,-108,25,11,20,-96,-106,-3,41,-177,762,371
-6,150,21,230,204,271,-55,-54,-59,-80,44,7,27,-95,-78,10,100,-179,1134,522
-6,79,75,246,100,206,-38,-14,-40,-42,16,11,20,-48,-52,6,50,-122,445,446
-5,167,34,86,96,97,-25,-113,-20,-6,13,-36,54,-133,-24,-9,58,-168,314,477
-6,199,57,95,106,189,-54,-143,-54,-47,16,-21,36,-164,-47,-2,54,-195,457,463
-18,264,14,279,213,95,-8,-83,-6,4,40,5,104,-216,-2,8,36,-279,850,292
-4,172,25,0,146,167,-27,-26,-31,10,29,59,33,-125,14,10,85,-238,631,514
-6,78,94,271,95,187,-30,-4,-32,-52,14,14,15,-48,-49,6,58,-122,427,477
-6,301,15,197,158,102,-6,-92,-6,53,28,-19,31,-251,53,7,40,-286,502,355
-5,279,16,305,155,103,-28,-65,-28,26,28,-1,49,-229,25,9,51,-283,561,451
-4,226,17,3946,149,149,-19,-33,-20,3,28,25,48,-177,5,10,85,-260,624,514
-5,172,36,259,125,162,-11,-22,-14,-10,23,9,31,-131,-13,10,71,-197,538,501
-11,170,22,0,154,220,-23,-6,-23,17,31,27,60,-129,3,6,50,-219,642,446
-5,199,28,72,174,38,21,-30,23,-5,35,-31,73,-147,-2,10,30,-184,760,193
-6,206,20,168,125,105,46,-14,49,36,22,-19,116,-164,29,8,20,-215,400,103
-7,96,95,135,98,199,-20,-5,-21,-74,15,5,15,-67,-71,6,36,-129,481,292
-6,156,50,138,118,155,-35,-15,-37,-74,21,-1,38,-118,-73,7,45,-174,611,409
-5,156,37,199,121,188,-10,-9,-13,6,22,2,20,-116,8,9,71,-180,485,501
-7,116,60,137,104,116,-29,-8,-31,-20,17,-1,19,-84,-23,10,22,-144,408,117
-13,168,30,129,166,210,54,-9,80,83,34,-3,49,-126,51,10,42,-186,569,386
-15,205,16,131,257,196,84,12,120,114,51,-8,66,-149,74,10,14,-214,850,78
-6,204,12,180,212,283,75,14,98,100,43,-19,52,-146,68,10,58,-216,732,477
-5,113,27,0,94,178,21,15,18,27,13,42,18,-82,30,8,45,-192,241,409
-4,112,55,83,109,363,-30,-3,-32,-54,19,-15,11,-75,-51,9,114,-128,564,526
-6,105,181,87,86,163,3,-13,5,54,10,-4,15,-78,33,8,67,-126,136,495
-13,123,37,164,138,203,46,7,48,43,28,2,26,-89,45,9,51,-158,527,451
-8,128,63,164,108,176,-29,-13,-32,-74,18,5,39,-96,-71,7,20,-158,536,103
-7,134,58,117,108,99,-34,-16,-36,-48,18,-5,19,-100,-52,9,28,-155,488,171
-6,146,50,91,123,65,-38,-13,-41,-2,23,-12,18,-106,-8,9,45,-156,509,409
-6,131,53,141,142,138,-5,0,8,3,29,9,15,-88,8,10,51,-155,628,451
-13,131,59,56,176,184,18,-1,33,43,38,-12,38,-88,24,4,54,-135,739,463
-7,84,100,404,95,122,-4,12,-6,-44,14,19,17,-55,-43,9,36,-131,400,292
-5,148,50,112,130,232,-39,-4,-44,-55,25,-3,29,-105,-57,5,72,-162,671,502
-5,138,46,304,105,220,-18,-1,-19,-34,17,9,14,-103,-33,10,63,-172,457,489
-7,143,127,35,120,222,-39,-26,-42,-51,22,-41,70,-106,-58,-5,45,-120,586,409
-11,309,19,133,143,200,40,-73,40,85,24,-39,63,-267,74,-6,32,-280,350,217
-17,328,8,462,242,205,75,-28,80,120,42,7,67,-275,110,-9,32,-338,658,217
-7,298,6,999,353,282,110,15,138,155,60,21,46,-222,116,3,20,-319,960,103
-9,129,77,130,102,88,14,-7,12,-22,16,1,72,-99,-21,-9,10,-155,385,66
-5,151,35,280,137,195,-21,5,-24,-24,27,12,51,-108,-20,7,51,-182,640,451
-5,88,88,142,98,232,-21,10,-23,-52,15,5,8,-57,-50,8,72,-122,455,502
-14,90,64,227,109,244,13,20,10,-22,19,11,18,-63,-22,8,89,-136,488,517
-8,117,73,145,97,113,4,-8,0,33,14,1,24,-88,24,6,22,-147,239,117
-7,115,86,83,102,146,-37,-13,-40,-80,16,-9,17,-84,-76,-3,30,-132,511,193
-10,208,20,253,163,204,45,1,53,65,32,3,37,-162,50,10,58,-229,571,477
-6,171,25,1087,119,107,10,6,8,1,21,13,16,-133,3,7,32,-210,455,217
-14,152,40,117,128,184,8,-7,8,-27,24,-8,25,-119,-26,9,61,-173,588,484
-4,136,37,299,111,216,-2,8,-2,-26,19,5,19,-98,-26,9,70,-169,486,500
-6,84,91,252,95,230,-25,13,-27,-84,14,13,8,-54,-82,9,58,-126,491,477
-4,142,59,54,139,322,-33,-11,-38,-19,28,-24,16,-96,-28,8,122,-135,687,528
-5,86,79,313,100,253,-16,15,-19,-80,16,15,16,-54,-77,3,73,-129,532,503
-5,174,28,368,113,144,60,1,59,23,19,4,67,-136,24,10,45,-203,375,409
-5,205,34,62,174,221,-43,-35,-46,-78,35,-34,32,-152,-80,2,67,-181,925,495
-16,266,18,173,164,186,35,-22,43,57,30,-16,72,-225,41,10,45,-266,538,409
-6,125,82,478,110,186,-11,39,-14,-46,19,25,20,-90,-46,6,54,-166,518,463
-8,176,29,108,170,258,27,-3,37,6,35,-10,31,-128,-7,8,92,-184,769,518
-11,256,12,339,215,157,42,-4,52,56,41,4,28,-200,47,0,28,-272,763,171
-9,221,12,422,278,169,47,27,65,76,54,20,26,-156,57,4,28,-247,996,171
-11,232,12,196,264,308,105,34,143,113,51,-6,47,-169,82,10,36,-241,863,292
-7,123,30,0,94,123,24,48,25,35,13,45,28,-94,38,10,20,-201,213,103
-18,92,112,60,120,129,11,13,14,-13,23,-8,22,-67,-15,8,41,-115,530,371
-24,224,32,91,163,69,29,-42,34,12,31,-26,68,-193,1,8,20,-221,637,103
-10,240,14,221,232,225,44,1,50,47,45,2,41,-182,47,9,54,-250,878,463
-9,189,17,154,209,289,59,22,63,87,43,-9,38,-136,83,7,41,-203,750,371
-21,114,57,90,113,114,0,28,8,0,20,-11,39,-94,-22,9,30,-144,435,193
-11,128,38,93,139,167,31,21,41,27,28,-13,25,-92,-1,9,50,-148,559,446
-4,109,76,88,112,322,-33,-2,-36,-54,20,-5,12,-72,-52,6,108,-127,582,524
-8,112,85,72,112,100,-30,-1,-33,-65,20,-10,62,-79,-63,9,14,-127,557,78
-11,154,46,61,184,216,60,21,87,74,39,-16,55,-107,45,10,72,-152,707,502
-6,193,51,58,149,196,-52,-37,-56,-57,29,-32,24,-146,-61,5,58,-171,752,477
-3,168,19,0,122,279,-12,8,-14,37,22,15,17,-126,41,9,99,-213,437,521
-5,84,117,157,100,210,-17,19,-17,-13,16,12,16,-53,-21,7,92,-120,408,518
-5,126,52,110,107,91,-8,-25,1,10,18,-9,31,-91,-8,9,57,-146,386,472
-4,120,39,204,137,260,29,18,36,37,28,7,37,-77,36,9,64,-151,546,490
-5,148,43,63,106,171,-42,-29,-43,-93,17,-37,33,-113,-95,-1,40,-146,563,355
-8,154,20,119,134,129,0,-4,9,-22,26,-32,35,-114,-25,10,57,-170,618,472
-6,118,69,62,107,123,-4,13,-8,25,18,-22,59,-84,-12,10,50,-125,353,446
-19,144,50,69,78,75,-4,-114,2,-28,6,-41,95,-130,-39,-2,51,-155,207,451
-6,151,57,83,98,111,-36,-99,-36,-64,14,-22,38,-119,-64,10,45,-158,444,409
-5,147,42,256,117,106,-18,-49,-20,-14,21,9,26,-109,-13,7,58,-177,498,477
-5,110,52,515,107,131,-16,-21,-18,-18,18,15,24,-75,-15,10,78,-152,453,508
-5,116,66,86,118,214,3,-18,15,20,22,-7,21,-78,-3,10,85,-132,464,514
-13,132,37,111,146,227,24,-17,43,101,30,-6,24,-94,47,7,57,-156,456,472
-22,130,39,294,133,138,56,-23,56,46,26,14,43,-104,33,0,10,-178,459,66
-7,121,128,46,97,78,-15,-34,-12,23,14,-29,30,-91,-12,-3,36,-118,266,292
-8,123,126,64,99,108,-18,-32,-22,20,15,-15,55,-94,-14,9,32,-132,291,217
-23,188,36,64,146,161,54,-33,71,85,28,-38,58,-158,54,10,20,-183,428,103
-20,180,25,119,153,160,42,-16,46,60,30,-16,66,-146,33,9,20,-197,520,103
-22,158,29,223,139,124,32,-4,35,53,27,4,66,-131,36,7,14,-197,468,78
-7,120,61,155,102,52,0,-9,0,-7,16,1,53,-88,-18,-10,22,-150,361,117
-7,188,45,119,120,162,14,-37,15,58,21,-10,25,-149,34,10,30,-195,340,193
-8,202,36,210,121,139,49,-39,47,44,21,2,38,-163,39,10,20,-219,363,103
-8,143,39,254,111,76,-16,-26,-18,-5,19,5,25,-109,-16,-8,0,-177,409,49
-25,166,67,48,133,94,3,-46,4,20,25,-40,93,-142,7,-1,28,-158,499,171
-8,215,29,238,144,105,28,-26,29,40,27,7,48,-171,38,2,14,-231,494,78
-6,194,32,190,138,122,6,-30,4,48,26,2,37,-150,28,9,32,-210,466,217
-5,182,39,121,117,165,-6,-23,-9,36,20,-13,43,-143,20,9,57,-189,376,472
-5,174,36,142,132,188,-8,-19,-11,43,25,-4,33,-131,48,9,72,-187,475,502
-17,193,53,44,128,94,-9,-53,1,-6,23,-56,108,-163,-23,-5,40,-166,515,355
-3,214,12,4122,129,151,28,-11,31,20,23,5,35,-170,19,10,54,-249,470,463
-5,127,50,178,105,257,-39,-11,-42,-94,17,1,19,-93,-92,7,72,-156,581,502
-5,174,34,200,122,111,17,-16,14,-1,22,1,29,-134,2,9,61,-195,494,484
-5,156,42,110,131,120,-28,-14,-33,2,25,-8,21,-113,-7,10,64,-168,553,490
-6,149,47,139,100,84,1,-16,3,14,15,-8,29,-116,9,10,42,-169,308,386
-5,143,53,175,123,187,-2,-10,-1,8,23,8,21,-102,11,8,81,-168,507,511
-7,174,42,224,126,110,5,-21,3,-11,23,9,25,-135,-8,10,28,-198,519,171
-11,147,44,120,137,195,11,-7,31,18,27,-2,20,-109,-3,9,72,-168,567,502
-9,154,40,91,175,275,17,-2,37,28,37,-4,24,-107,4,7,94,-164,768,519
-8,139,28,407,169,335,-15,9,-9,17,36,18,18,-91,13,8,100,-177,772,522
-18,143,44,93,127,94,-17,-7,-18,-5,24,-14,29,-114,-13,4,14,-163,521,78
-16,225,38,61,184,197,31,-40,35,21,36,-38,70,-181,11,9,71,-199,749,501
-4,208,23,213,146,232,-36,-13,-38,-61,28,-1,15,-159,-60,7,78,-221,749,508
-5,189,26,1419,130,181,-27,-5,-28,-38,24,22,26,-146,-37,10,50,-226,605,446
-5,125,59,242,110,232,-8,3,-10,-36,19,12,18,-89,-34,8,81,-159,511,511
-4,234,60,23,158,249,-42,-75,-45,-41,30,-102,84,-184,-41,-2,89,-143,757,517
-7,274,8,3728,305,236,68,24,92,89,55,34,49,-202,71,10,50,-305,1002,446
-3,201,10,0,121,145,15,16,14,22,21,25,15,-158,23,7,40,-263,417,355
-12,304,48,22,184,166,-42,-91,-42,7,33,-142,65,-255,5,-3,67,-173,713,495
-11,313,11,268,185,84,-36,-37,-36,-15,33,-12,78,-263,-15,-7,30,-308,738,193
-6,350,11,286,171,164,48,-46,49,35,29,-16,69,-297,34,9,30,-332,554,193
-17,358,8,321,219,316,156,-24,177,160,37,-13,44,-308,143,10,40,-348,477,355
-18,315,11,484,162,309,161,-5,178,172,28,3,28,-277,151,10,41,-329,265,371
-9,339,8,250,242,306,65,-28,70,146,42,-19,50,-278,129,10,64,-322,622,490
-8,234,10,0,180,311,18,18,27,71,35,42,11,-183,51,8,67,-289,627,495
-7,165,36,251,104,148,-31,6,-31,-45,16,1,22,-131,-45,10,20,-193,436,103
-21,297,19,111,142,182,53,-73,55,96,24,-48,91,-265,83,-6,28,-271,326,171
-11,348,10,158,161,245,102,-65,109,129,27,-52,61,-302,119,2,50,-312,334,446
-5,317,11,574,161,131,53,-21,53,54,28,8,44,-267,54,10,42,-325,501,386
-5,269,19,180,158,135,19,-12,19,30,29,-13,45,-219,28,10,45,-262,571,409
-12,263,14,621,196,283,55,1,66,119,37,22,24,-212,93,10,51,-288,564,451
-8,196,17,390,215,416,47,37,69,131,44,16,32,-139,75,9,67,-224,696,495
-5,140,75,192,117,319,4,26,6,27,21,14,16,-102,12,9,81,-168,427,511
-4,245,30,40,135,200,4,-65,7,10,24,-88,49,-200,3,4,61,-181,514,484
-23,316,15,131,183,239,26,-52,28,90,32,-41,75,-279,81,-2,14,-291,499,78
-5,249,8,0,136,191,49,13,48,82,24,41,66,-204,83,2,20,-312,350,103
-9,182,51,166,114,128,-3,17,-3,14,19,1,37,-148,15,-2,10,-200,376,66
-5,271,18,225,167,198,1,-30,1,-14,31,-4,37,-218,-14,4,57,-269,707,472
-10,288,22,75,175,179,-32,-53,-33,-38,32,-56,96,-238,-37,-6,50,-240,773,446
-14,418,6,438,196,234,33,-85,35,84,31,-16,72,-369,80,10,45,-397,505,409
-5,233,9,0,104,342,98,65,98,136,15,86,68,-197,138,9,40,-337,63,355
-8,100,250,82,89,160,3,44,0,-8,11,-2,64,-73,-18,9,45,-122,269,409
-11,116,109,48,137,347,-7,-1,-8,33,28,-15,33,-80,15,7,94,-119,569,519
-17,263,17,176,252,210,70,-45,87,132,47,0,101,-208,94,-9,30,-265,738,193
-9,286,7,263,486,265,118,27,158,170,76,12,66,-198,130,-4,10,-287,1261,66
-3,283,6,349,751,271,89,68,124,129,101,31,97,-168,96,3,22,-287,1874,117
-13,192,27,235,131,283,54,36,65,107,24,1,20,-157,79,10,40,-218,310,355
-7,110,112,73,124,206,-28,32,-31,-58,24,-1,45,-73,-66,0,41,-125,641,371
-8,172,56,56,104,94,14,-43,20,0,16,-41,50,-139,-13,6,20,-159,346,103
-7,95,45,0,96,102,11,33,7,5,14,34,27,-66,6,9,20,-163,294,103
-3,239,15,227,185,308,-40,-21,-43,-106,36,-4,16,-182,-104,4,86,-245,1011,514
-14,306,15,117,195,161,-32,-52,-32,-53,35,-41,53,-257,-54,9,51,-275,866,451
-16,336,7,312,264,137,18,-18,19,52,45,-8,62,-280,49,10,22,-332,852,117
-3,190,15,1141,127,250,11,-20,9,73,23,-1,66,-147,78,1,61,-224,367,484
-4,260,20,85,145,168,-30,-71,-30,-11,26,-51,31,-211,-12,3,60,-228,598,482
-16,250,21,176,162,148,4,-17,5,23,30,-9,46,-210,19,10,54,-256,611,463
-6,231,33,87,153,207,-37,-5,-40,-47,29,-28,33,-184,-48,2,45,-212,725,409
-6,286,18,130,148,100,-3,-36,-3,1,26,-35,60,-238,-1,4,22,-262,555,117
-11,283,13,172,175,181,73,-10,83,78,32,-26,75,-235,67,1,54,-274,543,463
-4,239,45,55,219,370,-35,-17,-37,-77,43,-35,30,-177,-77,-1,108,-195,1111,524
-5,285,12,155,220,312,-43,-35,-45,-106,41,-25,46,-223,-102,6,76,-267,1111,507
-6,320,11,186,191,151,-25,-35,-25,-10,34,-26,32,-264,-10,8,57,-297,762,472
-6,305,17,147,193,134,5,-17,5,12,35,-23,61,-249,11,10,30,-279,726,193
-7,178,25,0,102,75,45,53,45,9,15,47,71,-144,9,8,32,-245,313,217
-7,168,78,53,116,77,-7,-11,-9,-16,20,-33,36,-131,-14,-9,40,-153,472,355
-8,157,44,147,124,92,-31,-10,-32,-26,23,0,42,-119,-25,9,14,-177,542,78
-5,146,50,93,136,197,-30,7,-33,-31,27,-7,13,-102,-32,9,71,-156,664,501
-11,120,81,53,163,263,-7,15,-3,-11,35,-9,21,-78,-27,8,81,-125,797,511
-4,109,37,284,96,178,22,11,20,9,14,-4,51,-77,-1,10,58,-147,305,477
-15,155,38,67,153,180,20,-3,24,20,31,-26,50,-118,-8,10,40,-159,631,355
-5,195,29,90,118,146,-30,-46,-30,-50,20,-34,45,-155,-51,-4,40,-189,540,355
-16,220,32,86,157,191,29,-25,35,35,30,-28,38,-181,22,10,71,-210,595,501
-14,218,25,99,153,132,35,2,41,54,29,-28,38,-179,33,5,28,-213,515,171
-18,183,42,58,149,119,19,-11,25,4,29,-37,66,-149,-6,9,50,-173,626,446
-14,165,35,137,158,129,6,18,24,-12,32,1,33,-125,-28,10,36,-186,714,292
-4,154,38,116,109,164,23,7,22,-5,18,-16,38,-117,-4,10,71,-168,423,501
-12,113,57,68,128,251,39,12,82,61,25,-16,41,-80,10,10,54,-129,430,463
-12,167,27,57,255,200,-44,-19,-50,-66,53,-25,21,-109,-72,7,50,-159,1270,446
-5,180,39,154,113,191,-53,-140,-55,-78,19,-6,36,-142,-77,6,72,-194,591,502
-3,124,24,0,141,199,-33,-25,-39,-40,29,18,29,-79,-36,10,106,-173,742,524
-7,129,69,488,119,190,-10,-29,-13,-57,22,26,43,-93,-54,6,36,-170,594,292
-4,159,31,0,124,209,-25,-23,-27,-34,23,31,33,-117,-31,10,86,-206,594,514
-12,146,46,94,178,213,9,-17,33,44,38,2,27,-101,28,8,63,-161,742,489
-5,116,19,0,137,186,-3,8,-3,31,28,8,25,-74,5,8,71,-171,561,501
-7,99,69,99,106,142,-33,-12,-37,-58,18,-5,23,-67,-76,-5,22,-125,505,117
-6,167,73,46,119,149,-28,-35,-30,-42,21,-40,24,-129,-42,1,51,-146,550,451
-5,165,36,506,125,215,-24,-14,-27,-33,23,18,25,-124,-30,9,72,-199,585,502
-4,122,72,62,110,222,-28,-15,-31,-12,19,-20,17,-85,-8,7,94,-127,470,519
-6,139,66,58,133,136,33,-28,33,25,26,-20,73,-98,24,9,45,-138,518,409
-9,141,26,237,194,270,44,10,73,71,42,13,47,-91,34,8,54,-175,767,463
-17,148,36,66,152,254,50,11,76,95,31,-27,61,-113,59,10,40,-155,481,355
-12,155,33,133,160,306,74,9,104,131,33,-1,40,-115,90,10,41,-177,452,371
-7,101,35,503,178,428,30,35,50,99,40,25,66,-54,44,8,100,-147,692,522
-6,194,75,25,134,129,-26,-47,-27,-31,25,-83,35,-150,-30,2,54,-129,614,463
-6,252,19,391,152,146,27,-31,25,22,28,10,49,-204,24,10,45,-267,566,409
-5,217,22,300,155,179,37,-20,36,30,30,9,28,-168,34,9,63,-235,602,489
-12,134,39,183,150,189,8,5,39,58,31,10,32,-95,17,10,51,-168,560,451
-7,160,21,81,121,193,-4,-22,-1,40,22,-48,37,-122,14,2,41,-163,403,371
-6,235,31,117,142,167,-16,-42,-17,23,26,-19,26,-190,21,9,45,-225,522,409
-6,194,44,79,134,183,-26,-36,-27,-65,25,-24,34,-151,-64,1,45,-185,677,409
-6,228,29,292,138,109,-3,-24,-4,31,25,10,80,-184,17,7,51,-244,488,451
-5,122,38,0,99,173,-15,18,-16,-30,15,50,18,-90,-29,8,58,-196,404,477
-6,94,74,418,96,170,-26,4,-27,-41,14,15,15,-63,-39,10,61,-138,406,484
-7,112,70,1295,99,37,13,2,11,6,15,23,66,-82,8,-5,41,-159,324,371
-9,119,71,148,107,143,-8,-24,-10,7,18,5,72,-88,8,-9,10,-150,369,66
-8,67,128,677,88,38,-27,13,-29,-11,11,21,32,-41,-48,7,28,-119,267,171
-15,155,41,48,203,286,101,15,149,101,43,-28,67,-110,61,3,58,-147,730,477
-6,62,84,0,94,201,16,30,12,7,14,45,40,-32,1,9,67,-135,314,495
-22,114,93,113,105,69,21,-14,29,26,17,1,37,-96,28,0,42,-150,326,386
-5,152,84,32,130,153,-19,-33,-22,8,25,-50,29,-110,-12,8,67,-121,543,495
-6,110,69,145,104,245,-33,1,-36,-41,17,3,14,-77,-40,6,58,-140,468,477
-5,170,75,41,135,208,-38,-36,-41,-70,26,-41,35,-127,-67,-2,70,-142,721,500
-9,282,17,168,170,218,47,-32,49,52,31,-19,44,-232,45,9,57,-270,575,472
-14,225,14,262,275,140,30,-1,46,31,53,15,31,-164,32,10,20,-246,1061,103
-8,232,13,158,203,253,43,8,47,95,40,-22,60,-177,61,9,32,-234,666,217
-16,148,27,0,138,233,21,20,30,82,27,26,46,-115,57,10,41,-203,424,371
-22,81,83,269,98,170,31,28,35,44,15,14,19,-66,18,10,45,-137,249,409
-6,168,38,76,139,178,-36,-29,-37,-23,27,-24,46,-125,-27,3,32,-166,629,217
-20,167,31,176,167,77,11,2,14,11,34,7,53,-132,13,-4,20,-198,702,103
-9,146,20,0,112,184,40,19,46,53,19,6,43,-112,30,10,51,-195,318,451
-12,202,26,164,162,202,24,-11,34,12,32,-2,43,-158,-5,10,54,-216,675,463
-12,230,19,176,171,250,56,-5,67,83,33,-8,46,-185,56,10,41,-239,548,371
-23,225,27,171,155,110,51,-7,56,65,29,-4,61,-194,54,4,22,-241,490,117
-6,212,22,4122,180,219,101,27,107,74,36,37,63,-159,80,9,36,-249,626,292
-7,96,107,491,117,233,-19,33,-21,-27,22,30,17,-60,-41,8,50,-141,541,446
-5,160,44,47,128,241,6,-10,5,-15,24,-46,38,-118,-18,5,57,-141,562,472
-6,144,60,96,90,107,5,-15,9,-12,11,-18,25,-114,-27,9,42,-157,276,386
-7,155,69,86,95,69,6,-13,9,30,13,-19,53,-124,12,7,32,-162,229,217
-8,175,46,158,110,94,2,-3,-1,61,18,-3,38,-141,42,10,10,-193,261,66
-7,196,42,108,115,125,8,-12,7,39,19,-18,30,-159,22,7,22,-197,332,117
-7,210,32,186,125,140,21,-10,19,52,22,-3,37,-169,46,10,32,-222,374,217
-6,166,45,147,116,108,-16,-8,-17,-5,20,-3,24,-128,-3,9,51,-183,455,451
-6,202,28,170,139,76,-8,-12,-9,5,26,-5,29,-157,4,-3,32,-213,552,217
-13,195,25,171,187,128,19,0,25,44,38,4,38,-149,32,10,32,-213,726,217
-13,210,21,101,204,139,54,9,67,71,41,-19,50,-160,61,6,28,-208,733,171
-8,205,12,889,266,214,63,29,61,36,53,22,43,-141,39,8,42,-240,1062,386
-20,115,65,232,105,106,-12,21,-12,-23,17,11,25,-96,-23,9,41,-162,424,371
-7,113,76,128,94,111,10,2,8,-32,13,-2,60,-84,-32,9,41,-141,358,371
-11,170,28,116,205,220,57,-5,72,64,43,0,42,-119,35,10,51,-184,800,451
-11,166,22,130,238,141,42,18,72,45,50,1,45,-109,12,10,22,-184,971,117
-7,198,15,113,275,139,76,25,111,66,55,-17,53,-133,36,10,20,-200,1033,103
-6,266,30,91,138,231,64,-29,72,65,24,-39,48,-220,49,7,41,-235,395,371
-13,287,14,115,206,249,84,-19,95,86,38,-39,51,-236,70,6,57,-262,654,472
-20,293,13,189,198,255,105,-14,123,105,36,-17,45,-249,87,9,22,-289,557,117
-19,276,12,188,227,162,63,6,72,73,42,-13,49,-228,59,0,14,-277,743,78
-6,111,66,0,84,172,21,61,19,-31,9,48,38,-84,-31,7,61,-184,281,484
-6,98,52,0,93,169,8,26,7,-38,13,42,98,-69,-37,9,45,-169,371,409
-5,159,48,53,115,84,-10,-29,-12,-43,20,-41,34,-120,-41,9,71,-146,541,501
-6,206,25,213,135,134,-13,-24,-14,-34,25,-2,43,-162,-33,8,40,-221,613,355
-5,152,45,280,121,145,6,10,4,7,22,13,16,-112,9,9,73,-182,484,503
-6,117,104,63,113,114,-24,-5,-29,20,20,-12,31,-82,-8,8,58,-125,409,477
-21,163,58,56,129,154,31,-39,38,92,24,-33,61,-137,59,5,41,-161,341,371
-17,188,24,112,205,218,68,12,91,89,42,-8,58,-141,61,9,36,-199,722,292
-10,145,25,607,144,199,39,26,49,31,29,13,32,-105,21,9,50,-188,572,446
-5,155,51,80,103,199,47,-13,66,58,16,-24,46,-121,34,9,57,-159,248,472
-6,142,113,50,90,198,27,-17,42,47,11,-34,46,-112,14,9,57,-134,165,472
-7,109,91,75,99,87,-23,-5,-28,0,15,-12,56,-79,-21,9,42,-125,336,386
5,191,6,0,183,230,32,37,51,59,38,-21,33,-128,36,10,51,-235,705,451
0,205,12,70,595,236,14,18,23,14,96,-18,23,-100,13,8,42,-183,2009,386
-4,189,33,126,111,235,-54,-112,-54,-49,18,-18,43,-150,-56,6,82,-195,517,512
-6,262,30,80,130,109,16,-15,20,44,22,-47,39,-218,30,-9,41,-227,395,371
-5,264,26,81,126,176,50,-36,60,49,21,-51,57,-221,34,-3,50,-229,368,446
-23,239,40,69,133,141,52,-4,67,44,23,-48,41,-211,28,-4,36,-216,413,292
-6,254,32,75,129,189,47,-17,60,51,22,-48,26,-210,33,3,54,-219,387,463
-7,234,34,74,107,203,49,-8,62,76,16,-49,28,-198,49,9,32,-207,200,217
-7,232,47,71,104,114,45,-2,51,55,15,-46,57,-198,34,7,30,-204,220,193
-22,218,33,64,127,118,44,11,59,35,22,-52,41,-191,16,10,28,-200,406,171
-20,173,39,104,137,45,16,41,34,8,26,-13,45,-145,-6,9,0,-189,530,49
-8,141,93,77,90,83,-13,68,-13,-14,11,-19,58,-113,-26,9,20,-150,269,103
-6,144,72,73,85,110,-14,36,-15,7,9,-27,25,-116,-18,10,45,-149,197,409
-6,150,59,93,103,173,-3,7,-4,-10,16,-15,25,-116,-27,6,61,-159,386,484
-15,138,79,60,120,199,22,16,29,-27,22,-21,31,-108,-29,8,61,-143,546,484
-8,103,184,81,89,142,-9,30,-9,-53,11,-5,14,-77,-56,9,28,-124,351,171
-7,79,145,128,88,241,-9,36,-12,-72,11,6,18,-51,-74,5,54,-114,402,463
-11,133,41,79,123,106,-31,-54,-20,-14,23,-22,73,-99,-39,-9,51,-147,536,451
-24,138,91,40,128,183,62,18,80,58,24,-39,50,-116,21,9,22,-133,399,117
-6,127,44,81,141,188,-45,-66,-48,-99,29,-13,51,-85,-94,-1,28,-140,821,171
-4,153,27,130,151,126,-41,-70,-45,-28,31,-11,28,-106,-38,2,41,-169,728,371
-4,179,55,35,187,313,-48,-88,-52,-110,39,-47,32,-124,-111,-2,94,-139,1086,519
-14,145,32,179,131,253,-46,-85,-49,-103,25,-2,27,-112,-102,6,61,-177,761,484
-9,125,26,381,125,208,-34,-58,-32,-35,24,0,42,-89,-52,9,67,-166,608,495
-4,188,54,32,127,226,-47,-121,-50,-65,23,-71,49,-146,-67,-1,81,-140,653,511
-21,213,42,191,134,147,-43,-158,-40,-24,24,4,43,-184,-29,9,51,-234,577,451
-23,272,46,301,136,124,-9,-174,-5,26,23,11,52,-243,19,9,32,-290,447,217
-16,258,12,286,201,88,-12,-114,-7,7,38,-2,65,-210,2,9,30,-274,799,193
-6,256,8,474,253,95,-7,-86,3,5,48,-1,57,-191,-1,9,32,-274,1014,217
-7,255,7,505,338,91,1,-69,9,6,61,11,68,-180,-4,4,10,-275,1274,66
-16,246,15,187,198,153,27,-93,41,38,38,-10,71,-199,32,2,36,-254,740,292
-5,235,16,353,134,188,50,-91,52,57,24,-2,40,-191,49,6,40,-252,410,355
-7,210,37,132,109,138,13,-90,16,55,17,-16,56,-174,38,4,30,-213,262,193
-12,213,15,252,173,62,5,-75,7,28,34,-6,61,-168,16,7,28,-234,672,171
-15,204,20,268,163,78,13,-67,13,10,32,4,74,-165,6,9,22,-231,663,117
-16,212,20,161,160,56,-2,-79,0,-13,31,-12,50,-173,-14,-7,36,-226,695,292
-14,210,24,203,148,105,-6,-83,-2,11,28,-2,60,-171,8,0,57,-229,594,472
-16,210,22,205,177,148,12,-77,20,34,35,3,65,-168,26,1,50,-231,692,446
-9,213,20,236,159,234,12,-75,22,29,31,1,53,-167,19,7,85,-231,635,514
-5,210,31,110,129,156,-46,-81,-46,-33,23,-21,39,-168,-40,4,51,-206,574,451
-18,206,19,250,152,46,-14,-96,-8,-8,29,-1,89,-171,-16,-9,32,-233,641,217
-5,138,45,1307,108,271,-38,-32,-40,-82,18,21,25,-102,-81,3,70,-181,577,500
-6,227,27,97,107,90,-12,-129,-11,-10,16,-40,40,-190,-14,5,40,-213,376,355
-26,204,34,181,137,122,15,-123,21,58,25,0,60,-180,37,-1,10,-231,414,66
-12,201,13,696,212,163,37,-89,59,103,43,16,69,-149,79,-10,36,-239,715,292
-1,192,8,0,271,190,56,-58,99,85,55,13,74,-120,48,9,42,-235,1006,386
-5,212,12,108,234,183,0,-90,13,20,47,-38,66,-149,8,3,51,-206,972,451
-13,167,33,370,136,94,-3,-74,2,-13,26,16,60,-132,-22,9,50,-204,597,446
-5,90,53,0,93,213,-17,-5,-19,19,13,41,24,-60,23,9,64,-161,267,490
-14,126,45,66,142,249,4,-36,13,42,29,-20,67,-92,18,6,58,-139,554,477
-5,117,48,168,115,282,-33,-29,-38,-85,21,2,56,-80,-82,-5,70,-147,646,500
-6,214,32,67,116,164,-47,-129,-48,-58,19,-50,69,-175,-57,-8,36,-190,533,292
-4,173,39,0,122,223,3,-85,5,-5,22,50,37,-132,-2,10,100,-230,522,522
-6,98,69,2168,106,180,-5,-17,-8,-63,18,25,25,-64,-59,10,58,-147,533,477
-5,130,38,248,87,145,10,-60,43,49,10,-7,85,-99,12,7,64,-162,144,490
-9,160,24,134,236,181,24,-54,44,18,50,5,75,-103,2,10,51,-178,1039,451
-12,201,16,224,162,124,0,-111,6,27,32,-8,93,-157,10,0,10,-222,623,66
